{
  "backtest": {
    "windows": [
      {
        "max_drawdown": 0.10723575762403137,
        "sharpe": 5.3849845207489055,
        "total_return": 0.6488352735200649,
        "trades_per_day": 57.88646498511236,
        "win_rate": 0.49144391794035347
      }
    ]
  },
  "card_id": "v3-xrpusdt-202604041748",
  "cost_model": {
    "cost_bps": 3.0,
    "funding_rate": 0.0001
  },
  "deployment_hints": {
    "lookback": 60,
    "max_stale_seconds": 120,
    "timeframe": "1m"
  },
  "factors": {
    "names": [
      "momentum_5",
      "momentum_10",
      "momentum_20",
      "ts_rank_20",
      "vol_10",
      "vol_50",
      "vol_ratio",
      "bar_range",
      "vol_rank_20",
      "vol_ratio_50",
      "mean_rev_20",
      "mean_rev_50",
      "corr_cv_30",
      "ret_skew_20",
      "high_low_ma"
    ],
    "weights": [
      -2.745269285727979,
      -2.451248182704573,
      -5.484595471917541,
      -4.820532876293552,
      -3.8021359745947705,
      8.09232990696414,
      1.3882977733002448,
      7.817294711737001,
      -5.601284696013323,
      1.8995415692260151,
      -4.923157415291674,
      2.6635994545228447,
      -0.9419350027252628,
      5.8136707866941855,
      3.864540405629872
    ]
  },
  "normalization": {
    "factor_medians": {
      "bar_range": 0.0014935900095424004,
      "corr_cv_30": -0.04381156496387924,
      "high_low_ma": 0.007314676075853495,
      "mean_rev_20": 3.8866648529145564e-05,
      "mean_rev_50": 0.00010971508128343466,
      "momentum_10": 0.0,
      "momentum_20": 9.999999999976694e-05,
      "momentum_5": 0.0,
      "ret_skew_20": 0.01022185698525549,
      "ts_rank_20": 0.55,
      "vol_10": 0.0023677837739118157,
      "vol_50": 0.00527982007269187,
      "vol_rank_20": 0.5,
      "vol_ratio": 0.4491478945685849,
      "vol_ratio_50": 0.7645957072030982
    },
    "factor_scales": {
      "bar_range": 0.0011234473207746144,
      "corr_cv_30": 0.4352399995872301,
      "high_low_ma": 0.005291669786157582,
      "mean_rev_20": 0.002305223758482878,
      "mean_rev_50": 0.0035715602031176877,
      "momentum_10": 0.005485619999999725,
      "momentum_20": 0.007561259999999496,
      "momentum_5": 0.003854760000000234,
      "ret_skew_20": 0.5306737978044549,
      "ts_rank_20": 0.51891,
      "vol_10": 0.002459502086079365,
      "vol_50": 0.005412367750545599,
      "vol_rank_20": 0.37065,
      "vol_ratio": 0.23005938664058528,
      "vol_ratio_50": 0.45994286881110297
    },
    "feature_cols": [
      "rolling_return",
      "realized_vol",
      "volume_zscore",
      "range_zscore"
    ],
    "method": "robust"
  },
  "params": {
    "entry_thr": 8.894436804498728,
    "exit_thr": 0.29648122681662425,
    "hold_max": 480,
    "pos_frac": 0.23314294920093012,
    "stop_mult": 5.0
  },
  "regime": {
    "distribution": {
      "1": 30881,
      "2": 80081,
      "3": 103563,
      "4": 1426
    },
    "n_states": 5,
    "target_regime": 1
  },
  "regime_labeler": "hmm_bic",
  "search_meta": {
    "generations": 1000,
    "regimes_searched": [
      3,
      2,
      1
    ],
    "total_elites": 922
  },
  "status": "FAILED_HOLDOUT",
  "symbol": "XRPUSDT",
  "validation": {
    "gate1_pass": false,
    "gate2_dsr": 1.0,
    "gate2_pass": true,
    "gate3_pass": false,
    "gate3_reason": "FAILED: sharpe=-4.193<=0.5; max_dd=0.6254>=0.1609",
    "holdout_max_dd": 0.6254037541905976,
    "holdout_sharpe": -4.192843625093444
  },
  "version": "3.0",
  "warmup_bars": 60
}