{
  "backtest": {
    "windows": [
      {
        "max_drawdown": 0.007166665717904024,
        "sharpe": 4.582426094837628,
        "total_return": 0.05190415254422665,
        "trades_per_day": 3.2674078841959515,
        "win_rate": 0.455435847208619
      }
    ]
  },
  "card_id": "v3-ethusdt-202604042232",
  "cost_model": {
    "cost_bps": 3.0,
    "funding_rate": 0.0001
  },
  "deployment_hints": {
    "lookback": 60,
    "max_stale_seconds": 120,
    "timeframe": "1m"
  },
  "factors": {
    "names": [
      "momentum_5",
      "momentum_10",
      "momentum_20",
      "ts_rank_20",
      "vol_10",
      "vol_50",
      "vol_ratio",
      "bar_range",
      "vol_rank_20",
      "vol_ratio_50",
      "mean_rev_20",
      "mean_rev_50",
      "corr_cv_30",
      "ret_skew_20",
      "high_low_ma"
    ],
    "weights": [
      0.10815892470441706,
      -1.1325022480515607,
      1.301931814724248,
      1.54149551199404,
      0.4513695799520125,
      -1.0837402670935286,
      -1.1524830655111098,
      0.5424898537143632,
      0.687875918324203,
      -0.031242517569943173,
      -0.11349155915426641,
      -0.4841025494828215,
      2.1602700048016015,
      0.8325717991420976,
      0.06490007968032288
    ]
  },
  "normalization": {
    "factor_medians": {
      "bar_range": 0.0009578113047447073,
      "corr_cv_30": -0.04069788661863277,
      "high_low_ma": 0.004890213102508537,
      "mean_rev_20": 2.0905670314652625e-05,
      "mean_rev_50": 6.272428464404456e-05,
      "momentum_10": 0.05999999999994543,
      "momentum_20": 0.07999999999992724,
      "momentum_5": 0.01999999999998181,
      "ret_skew_20": 0.011322721084442966,
      "ts_rank_20": 0.55,
      "vol_10": 2.383855910075094,
      "vol_50": 5.336665011034507,
      "vol_rank_20": 0.5,
      "vol_ratio": 0.4495709851910945,
      "vol_ratio_50": 0.716021550894463
    },
    "factor_scales": {
      "bar_range": 0.0006254748502491468,
      "corr_cv_30": 0.46215605794274217,
      "high_low_ma": 0.0027541991966396444,
      "mean_rev_20": 0.0016410652696771943,
      "mean_rev_50": 0.002551779520394171,
      "momentum_10": 6.493788000000161,
      "momentum_20": 9.014207999999892,
      "momentum_5": 4.596059999999865,
      "ret_skew_20": 0.524753216133695,
      "ts_rank_20": 0.51891,
      "vol_10": 1.5208488173771069,
      "vol_50": 3.3464476299154726,
      "vol_rank_20": 0.37065,
      "vol_ratio": 0.23460006067338862,
      "vol_ratio_50": 0.46549466884072566
    },
    "feature_cols": [
      "rolling_return",
      "realized_vol",
      "volume_zscore",
      "range_zscore"
    ],
    "method": "robust"
  },
  "params": {
    "entry_thr": 8.20439897662072,
    "exit_thr": 4.10219948831036,
    "hold_max": 480,
    "pos_frac": 0.25,
    "stop_mult": 5.0
  },
  "regime": {
    "distribution": {
      "1": 7274,
      "2": 80033,
      "3": 127305,
      "4": 1339
    },
    "n_states": 5,
    "target_regime": 2
  },
  "regime_labeler": "hmm_bic",
  "search_meta": {
    "generations": 1000,
    "regimes_searched": [
      3,
      2
    ],
    "total_elites": 267
  },
  "status": "FAILED_HOLDOUT",
  "symbol": "ETHUSDT",
  "validation": {
    "gate1_pass": false,
    "gate2_dsr": 1.0,
    "gate2_pass": true,
    "gate3_pass": false,
    "gate3_reason": "FAILED: sharpe=-4.803<=0.5; max_dd=0.1678>=0.0107",
    "holdout_max_dd": 0.1678385320023882,
    "holdout_sharpe": -4.8034200358573385
  },
  "version": "3.0",
  "warmup_bars": 60
}