{
  "overall": {
    "reason": null,
    "status": "OK",
    "weights": {
      "no_trades_generated": 0.7024647887323944,
      "non_positive_net": 0.22711267605633803,
      "too_few_trades": 0.07042253521126761
    }
  },
  "per_axis": {
    "C": {
      "reason": null,
      "status": "OK",
      "weights": {
        "no_trades_generated": 0.783068783068783,
        "non_positive_net": 0.1164021164021164,
        "too_few_trades": 0.10052910052910052
      }
    },
    "D": {
      "reason": null,
      "status": "OK",
      "weights": {
        "no_trades_generated": 0.90625,
        "non_positive_net": 0.09375
      }
    },
    "H": {
      "reason": null,
      "status": "OK",
      "weights": {
        "no_trades_generated": 0.4117647058823529,
        "non_positive_net": 0.47593582887700536,
        "too_few_trades": 0.11229946524064172
      }
    }
  }
}