{
  "n_simulations": 10000,
  "wr_mean": 0.38483523779172746,
  "wr_std": 0.02092818332401106,
  "wr_median": 0.3849056603773585,
  "wr_p90": 0.4114285714285714,
  "wr_p95": 0.41961043774787793,
  "wr_p99": 0.43461705685618734,
  "pnl_mean": -0.5229954981011938,
  "pnl_std": 0.16270494397171478,
  "pnl_median": -0.5225043519412818,
  "pnl_p90": -0.31383756483857517,
  "pnl_p95": -0.25748472573862624,
  "pnl_p99": -0.15269374203569303,
  "sharpe_mean": -102.14002712156919,
  "sharpe_std": 32.11669295001871,
  "sharpe_p95": -49.65531476932541,
  "sharpe_p99": -28.580569756038965,
  "trades_mean": 521.8869,
  "trades_std": 9.398580126274394,
  "generated_at": "2026-04-12T01:19:55Z",
  "data_symbol": "BTCUSDT",
  "data_bars": 140000,
  "cost_bps": 5.0,
  "max_hold_bars": 480
}