{
  "overall": {
    "reason": null,
    "status": "OK",
    "weights": {
      "no_trades_generated": 0.7261904761904762,
      "non_positive_net": 0.24841269841269842,
      "too_few_trades": 0.025396825396825397
    }
  },
  "per_axis": {
    "C": {
      "reason": null,
      "status": "OK",
      "weights": {
        "no_trades_generated": 0.5081967213114754,
        "non_positive_net": 0.37158469945355194,
        "too_few_trades": 0.12021857923497267
      }
    },
    "D": {
      "reason": null,
      "status": "OK",
      "weights": {
        "no_trades_generated": 0.8125,
        "non_positive_net": 0.1875
      }
    },
    "H": {
      "reason": null,
      "status": "OK",
      "weights": {
        "no_trades_generated": 0.5193370165745856,
        "non_positive_net": 0.425414364640884,
        "too_few_trades": 0.055248618784530384
      }
    }
  }
}