{
  "0": {
    "regime": "BULL_TREND",
    "status": "FAILED_HOLDOUT",
    "n_elites": 1,
    "best_fitness": -999.0,
    "params": {
      "entry_thr": 4.90343690420344,
      "exit_thr": 0.6164258431074106,
      "stop_mult": 5.0,
      "pos_frac": 0.015203666140973123,
      "hold_max": 89
    },
    "gate1": false,
    "gate2": false,
    "gate3": false,
    "search_seconds": 97.18874845300161
  },
  "1": {
    "regime": "BEAR_TREND",
    "status": "FAILED_HOLDOUT",
    "n_elites": 1,
    "best_fitness": -999.0,
    "params": {
      "entry_thr": 1.72585331919058,
      "exit_thr": 1.1446045302472296,
      "stop_mult": 3.9921174209345187,
      "pos_frac": 0.05562458657153902,
      "hold_max": 83
    },
    "gate1": false,
    "gate2": false,
    "gate3": false,
    "search_seconds": 85.17349137600104
  },
  "2": {
    "regime": "BULL_PULLBACK",
    "status": "FAILED_HOLDOUT",
    "n_elites": 1,
    "best_fitness": -999.0,
    "params": {
      "entry_thr": 1.9820047767472464,
      "exit_thr": 1.5856038213977972,
      "stop_mult": 4.771459261569528,
      "pos_frac": 0.25,
      "hold_max": 5
    },
    "gate1": false,
    "gate2": false,
    "gate3": false,
    "search_seconds": 11.511195872000826
  },
  "3": {
    "regime": "BEAR_RALLY",
    "status": "FAILED_HOLDOUT",
    "n_elites": 1,
    "best_fitness": -999.0,
    "params": {
      "entry_thr": 1.7194586300033583,
      "exit_thr": 1.3755669040026868,
      "stop_mult": 0.9994590776474266,
      "pos_frac": 0.10136453553994737,
      "hold_max": 5
    },
    "gate1": false,
    "gate2": false,
    "gate3": false,
    "search_seconds": 14.502649203997862
  },
  "9": {
    "regime": "TOPPING",
    "status": "FAILED_HOLDOUT",
    "n_elites": 1,
    "best_fitness": -999.0,
    "params": {
      "entry_thr": 6.209325488467706,
      "exit_thr": 3.31164026051611,
      "stop_mult": 3.066667181688867,
      "pos_frac": 0.01246176195232425,
      "hold_max": 32
    },
    "gate1": false,
    "gate2": false,
    "gate3": false,
    "search_seconds": 59.829655315996206
  },
  "10": {
    "regime": "BOTTOMING",
    "status": "FAILED_HOLDOUT",
    "n_elites": 1,
    "best_fitness": -999.0,
    "params": {
      "entry_thr": 6.570265227233721,
      "exit_thr": 1.77753290250386,
      "stop_mult": 4.4343343360707905,
      "pos_frac": 0.03524521368071243,
      "hold_max": 37
    },
    "gate1": false,
    "gate2": false,
    "gate3": false,
    "search_seconds": 51.63881107000634
  },
  "6": {
    "regime": "CONSOLIDATION",
    "status": "FAILED_HOLDOUT",
    "n_elites": 1,
    "best_fitness": -999.0,
    "params": {
      "entry_thr": 2.2674143571199794,
      "exit_thr": 1.488194367982103,
      "stop_mult": 5.0,
      "pos_frac": 0.23923241276539697,
      "hold_max": 5
    },
    "gate1": false,
    "gate2": false,
    "gate3": false,
    "search_seconds": 50.779561177005235
  },
  "8": {
    "regime": "SQUEEZE",
    "status": "FAILED_HOLDOUT",
    "n_elites": 1,
    "best_fitness": -999.0,
    "params": {
      "entry_thr": 2.7309553364489063,
      "exit_thr": 1.7996089779131528,
      "stop_mult": 1.0928363377858392,
      "pos_frac": 0.20809301785329365,
      "hold_max": 34
    },
    "gate1": false,
    "gate2": false,
    "gate3": false,
    "search_seconds": 57.87267004900059
  },
  "7": {
    "regime": "CHOPPY_VOLATILE",
    "status": "FAILED_HOLDOUT",
    "n_elites": 1,
    "best_fitness": -999.0,
    "params": {
      "entry_thr": 2.4905660287200724,
      "exit_thr": 0.13327273012272864,
      "stop_mult": 0.9480647285026926,
      "pos_frac": 0.1683998453525872,
      "hold_max": 5
    },
    "gate1": false,
    "gate2": false,
    "gate3": false,
    "search_seconds": 21.563442737002333
  },
  "4": {
    "regime": "DISTRIBUTION",
    "status": "FAILED_HOLDOUT",
    "n_elites": 1,
    "best_fitness": -999.0,
    "params": {
      "entry_thr": 4.037497839611318,
      "exit_thr": 0.1345832613203773,
      "stop_mult": 1.5933190652431168,
      "pos_frac": 0.18461171168553547,
      "hold_max": 45
    },
    "gate1": false,
    "gate2": true,
    "gate3": false,
    "search_seconds": 5.906830774998525
  },
  "5": {
    "regime": "ACCUMULATION",
    "status": "FAILED_HOLDOUT",
    "n_elites": 1,
    "best_fitness": -999.0,
    "params": {
      "entry_thr": 3.328853204259807,
      "exit_thr": 0.41945083754373536,
      "stop_mult": 3.6570226900811327,
      "pos_frac": 0.10867212733326757,
      "hold_max": 33
    },
    "gate1": false,
    "gate2": false,
    "gate3": false,
    "search_seconds": 5.752713201000006
  }
}