{
  "0": {
    "regime": "BULL_TREND",
    "status": "FAILED_HOLDOUT",
    "n_elites": 1,
    "best_fitness": -999.0,
    "params": {
      "entry_thr": 3.6197703212676617,
      "exit_thr": 2.8958162570141295,
      "stop_mult": 1.3616065286121768,
      "pos_frac": 0.25,
      "hold_max": 10
    },
    "gate1": false,
    "gate2": false,
    "gate3": false,
    "search_seconds": 129.0389056999993
  },
  "1": {
    "regime": "BEAR_TREND",
    "status": "FAILED_HOLDOUT",
    "n_elites": 1,
    "best_fitness": -999.0,
    "params": {
      "entry_thr": 39.86051758455926,
      "exit_thr": 2.4114925346944958,
      "stop_mult": 5.0,
      "pos_frac": 0.1147677811894646,
      "hold_max": 17
    },
    "gate1": false,
    "gate2": false,
    "gate3": false,
    "search_seconds": 110.78618480500154
  },
  "6": {
    "regime": "CONSOLIDATION",
    "status": "FAILED_HOLDOUT",
    "n_elites": 1,
    "best_fitness": -999.0,
    "params": {
      "entry_thr": 12.950696468216705,
      "exit_thr": 6.907038116382243,
      "stop_mult": 5.0,
      "pos_frac": 0.010514410171301041,
      "hold_max": 10
    },
    "gate1": false,
    "gate2": false,
    "gate3": false,
    "search_seconds": 69.2219810509996
  }
}