{
  "overall": {
    "reason": null,
    "status": "OK",
    "weights": {
      "no_trades_generated": 0.6035367940673132,
      "non_positive_net": 0.33371363377067886,
      "too_few_trades": 0.06274957216200798
    }
  },
  "per_axis": {
    "C": {
      "reason": null,
      "status": "OK",
      "weights": {
        "no_trades_generated": 0.6035367940673132,
        "non_positive_net": 0.33371363377067886,
        "too_few_trades": 0.06274957216200798
      }
    }
  }
}