{
  "backtest": {
    "windows": [
      {
        "max_drawdown": 0.0009781460414104394,
        "sharpe": 4.994335418954524,
        "total_return": 0.007960613425167212,
        "trades_per_day": 9.33545109770272,
        "win_rate": 0.4722170600260175
      }
    ]
  },
  "card_id": "v3-solusdt-202604042246",
  "cost_model": {
    "cost_bps": 3.0,
    "funding_rate": 0.0001
  },
  "deployment_hints": {
    "lookback": 60,
    "max_stale_seconds": 120,
    "timeframe": "1m"
  },
  "factors": {
    "names": [
      "momentum_5",
      "momentum_10",
      "momentum_20",
      "ts_rank_20",
      "vol_10",
      "vol_50",
      "vol_ratio",
      "bar_range",
      "vol_rank_20",
      "vol_ratio_50",
      "mean_rev_20",
      "mean_rev_50",
      "corr_cv_30",
      "ret_skew_20",
      "high_low_ma"
    ],
    "weights": [
      -1.1477148428139534,
      -0.7526787567536166,
      -0.5075101738354375,
      -1.9294656771413212,
      1.1866016006664089,
      -1.5850822706195513,
      -2.0634813273174983,
      -0.7211524047117998,
      -0.7069714799696737,
      0.11357700887659197,
      2.514804487538861,
      -1.7891210296976787,
      1.6881761119449974,
      0.4782582241727975,
      1.1077380923795912
    ]
  },
  "normalization": {
    "factor_medians": {
      "bar_range": 0.001314060446780516,
      "corr_cv_30": -0.0384504179947017,
      "high_low_ma": 0.006578517535579227,
      "mean_rev_20": 1.7462470241147443e-05,
      "mean_rev_50": 5.3342846140891353e-05,
      "momentum_10": 0.0,
      "momentum_20": 0.0,
      "momentum_5": 0.0,
      "ret_skew_20": 0.010916099750870475,
      "ts_rank_20": 0.55,
      "vol_10": 0.2094182418033314,
      "vol_50": 0.4711662551584085,
      "vol_rank_20": 0.5,
      "vol_ratio": 0.44618116817615644,
      "vol_ratio_50": 0.7636600349892184
    },
    "factor_scales": {
      "bar_range": 0.0007966025913346714,
      "corr_cv_30": 0.4298351824423288,
      "high_low_ma": 0.0033984662956582008,
      "mean_rev_20": 0.00231528423426978,
      "mean_rev_50": 0.003669980462476531,
      "momentum_10": 0.5782139999999797,
      "momentum_20": 0.8154299999999747,
      "momentum_5": 0.41216280000002964,
      "ret_skew_20": 0.531070810991216,
      "ts_rank_20": 0.51891,
      "vol_10": 0.13133411075569662,
      "vol_50": 0.2843958621497574,
      "vol_rank_20": 0.37065,
      "vol_ratio": 0.23286392274674367,
      "vol_ratio_50": 0.46496980946663624
    },
    "feature_cols": [
      "rolling_return",
      "realized_vol",
      "volume_zscore",
      "range_zscore"
    ],
    "method": "robust"
  },
  "params": {
    "entry_thr": 7.93548784854975,
    "exit_thr": 0.26451626161832503,
    "hold_max": 111,
    "pos_frac": 0.01,
    "stop_mult": 0.5
  },
  "regime": {
    "distribution": {
      "1": 8907,
      "2": 92414,
      "3": 112287,
      "4": 2343
    },
    "n_states": 5,
    "target_regime": 2
  },
  "regime_labeler": "hmm_bic",
  "search_meta": {
    "generations": 1000,
    "regimes_searched": [
      3,
      2
    ],
    "total_elites": 352
  },
  "status": "FAILED_HOLDOUT",
  "symbol": "SOLUSDT",
  "validation": {
    "gate1_pass": false,
    "gate2_dsr": 1.0,
    "gate2_pass": true,
    "gate3_pass": false,
    "gate3_reason": "FAILED: sharpe=-2.997<=0.5; max_dd=0.0049>=0.0015",
    "holdout_max_dd": 0.00494327816851545,
    "holdout_sharpe": -2.997465608919211
  },
  "version": "3.0",
  "warmup_bars": 60
}