{
  "backtest": {
    "windows": [
      {
        "max_drawdown": 0.06566196576315336,
        "sharpe": 4.621539938233368,
        "total_return": 0.43160585175297855,
        "trades_per_day": 19.16434746771258,
        "win_rate": 0.4822946937896889
      }
    ]
  },
  "card_id": "v3-xrpusdt-202604042253",
  "cost_model": {
    "cost_bps": 3.0,
    "funding_rate": 0.0001
  },
  "deployment_hints": {
    "lookback": 60,
    "max_stale_seconds": 120,
    "timeframe": "1m"
  },
  "factors": {
    "names": [
      "momentum_5",
      "momentum_10",
      "momentum_20",
      "ts_rank_20",
      "vol_10",
      "vol_50",
      "vol_ratio",
      "bar_range",
      "vol_rank_20",
      "vol_ratio_50",
      "mean_rev_20",
      "mean_rev_50",
      "corr_cv_30",
      "ret_skew_20",
      "high_low_ma"
    ],
    "weights": [
      -0.30870011098001304,
      -0.4861110828954747,
      0.3540004266323391,
      -1.4928086263076386,
      -0.22339470347262044,
      -4.26234125711028,
      -1.3106698428343575,
      1.4604407976013756,
      -0.11503877580366528,
      0.4036390981765582,
      2.9625123529815496,
      -1.9331823299800424,
      0.6006792508884622,
      -0.48472396943681273,
      2.8200468158755005
    ]
  },
  "normalization": {
    "factor_medians": {
      "bar_range": 0.0014935900095424004,
      "corr_cv_30": -0.04381156496387924,
      "high_low_ma": 0.007314676075853495,
      "mean_rev_20": 3.8866648529145564e-05,
      "mean_rev_50": 0.00010971508128343466,
      "momentum_10": 0.0,
      "momentum_20": 9.999999999976694e-05,
      "momentum_5": 0.0,
      "ret_skew_20": 0.01022185698525549,
      "ts_rank_20": 0.55,
      "vol_10": 0.0023677837739118157,
      "vol_50": 0.00527982007269187,
      "vol_rank_20": 0.5,
      "vol_ratio": 0.4491478945685849,
      "vol_ratio_50": 0.7645957072030982
    },
    "factor_scales": {
      "bar_range": 0.0011234473207746144,
      "corr_cv_30": 0.4352399995872301,
      "high_low_ma": 0.005291669786157582,
      "mean_rev_20": 0.002305223758482878,
      "mean_rev_50": 0.0035715602031176877,
      "momentum_10": 0.005485619999999725,
      "momentum_20": 0.007561259999999496,
      "momentum_5": 0.003854760000000234,
      "ret_skew_20": 0.5306737978044549,
      "ts_rank_20": 0.51891,
      "vol_10": 0.002459502086079365,
      "vol_50": 0.005412367750545599,
      "vol_rank_20": 0.37065,
      "vol_ratio": 0.23005938664058528,
      "vol_ratio_50": 0.45994286881110297
    },
    "feature_cols": [
      "rolling_return",
      "realized_vol",
      "volume_zscore",
      "range_zscore"
    ],
    "method": "robust"
  },
  "params": {
    "entry_thr": 8.894436804498728,
    "exit_thr": 0.29648122681662425,
    "hold_max": 480,
    "pos_frac": 0.25,
    "stop_mult": 5.0
  },
  "regime": {
    "distribution": {
      "1": 30881,
      "2": 80081,
      "3": 103563,
      "4": 1426
    },
    "n_states": 5,
    "target_regime": 3
  },
  "regime_labeler": "hmm_bic",
  "search_meta": {
    "generations": 1000,
    "regimes_searched": [
      3,
      2,
      1
    ],
    "total_elites": 890
  },
  "status": "FAILED_HOLDOUT",
  "symbol": "XRPUSDT",
  "validation": {
    "gate1_pass": false,
    "gate2_dsr": 1.0,
    "gate2_pass": true,
    "gate3_pass": false,
    "gate3_reason": "FAILED: sharpe=-2.111<=0.5; max_dd=0.2497>=0.0985",
    "holdout_max_dd": 0.24974826866715072,
    "holdout_sharpe": -2.110812363925093
  },
  "version": "3.0",
  "warmup_bars": 60
}