{
  "backtest": {
    "windows": [
      {
        "max_drawdown": 0.03450727086136265,
        "sharpe": 4.77585771429264,
        "total_return": 0.17164280410600574,
        "trades_per_day": 10.215650772628976,
        "win_rate": 0.4882906867820342
      }
    ]
  },
  "card_id": "v3-bnbusdt-202604042239",
  "cost_model": {
    "cost_bps": 3.0,
    "funding_rate": 0.0001
  },
  "deployment_hints": {
    "lookback": 60,
    "max_stale_seconds": 120,
    "timeframe": "1m"
  },
  "factors": {
    "names": [
      "momentum_5",
      "momentum_10",
      "momentum_20",
      "ts_rank_20",
      "vol_10",
      "vol_50",
      "vol_ratio",
      "bar_range",
      "vol_rank_20",
      "vol_ratio_50",
      "mean_rev_20",
      "mean_rev_50",
      "corr_cv_30",
      "ret_skew_20",
      "high_low_ma"
    ],
    "weights": [
      0.49158730373580534,
      0.045183921939863245,
      -1.746661750603385,
      1.0070528230715698,
      0.38834064187068773,
      -1.6704658046944205,
      -0.12770014027125856,
      0.5263972729641387,
      0.08864964036785064,
      -0.21197485952467446,
      -0.6498587805103531,
      0.8504746503073722,
      3.3771524579159973,
      -0.23074727421240904,
      1.4302519284225936
    ]
  },
  "normalization": {
    "factor_medians": {
      "bar_range": 0.0007527399735035529,
      "corr_cv_30": -0.03705865498600995,
      "high_low_ma": 0.004010923974273042,
      "mean_rev_20": 3.948823250676803e-05,
      "mean_rev_50": 8.857308755971793e-05,
      "momentum_10": 0.01999999999998181,
      "momentum_20": 0.029999999999972715,
      "momentum_5": 0.009999999999990905,
      "ret_skew_20": -0.007986410017736912,
      "ts_rank_20": 0.55,
      "vol_10": 0.41920877853402533,
      "vol_50": 0.9593820719609044,
      "vol_rank_20": 0.5,
      "vol_ratio": 0.4424770617469965,
      "vol_ratio_50": 0.7095170565632446
    },
    "factor_scales": {
      "bar_range": 0.000528790299462595,
      "corr_cv_30": 0.37857959695189214,
      "high_low_ma": 0.0023768995834945665,
      "mean_rev_20": 0.001402367139546854,
      "mean_rev_50": 0.0022374699146381865,
      "momentum_10": 1.1564279999999594,
      "momentum_20": 1.6456859999998517,
      "momentum_5": 0.8154299999999325,
      "ret_skew_20": 0.5434520387315184,
      "ts_rank_20": 0.51891,
      "vol_10": 0.2755422250023403,
      "vol_50": 0.608191390801402,
      "vol_rank_20": 0.37065,
      "vol_ratio": 0.23925384592062965,
      "vol_ratio_50": 0.4688703708625608
    },
    "feature_cols": [
      "rolling_return",
      "realized_vol",
      "volume_zscore",
      "range_zscore"
    ],
    "method": "robust"
  },
  "params": {
    "entry_thr": 8.163157165348162,
    "exit_thr": 0.2721052388449387,
    "hold_max": 480,
    "pos_frac": 0.25,
    "stop_mult": 5.0
  },
  "regime": {
    "distribution": {
      "1": 9551,
      "2": 72062,
      "3": 132819,
      "4": 1519
    },
    "n_states": 5,
    "target_regime": 3
  },
  "regime_labeler": "hmm_bic",
  "search_meta": {
    "generations": 1000,
    "regimes_searched": [
      3,
      2
    ],
    "total_elites": 221
  },
  "status": "FAILED_HOLDOUT",
  "symbol": "BNBUSDT",
  "validation": {
    "gate1_pass": false,
    "gate2_dsr": 1.0,
    "gate2_pass": true,
    "gate3_pass": false,
    "gate3_reason": "FAILED: sharpe=-3.973<=0.5; max_dd=0.3011>=0.0518",
    "holdout_max_dd": 0.3010752314630149,
    "holdout_sharpe": -3.97290695314866
  },
  "version": "3.0",
  "warmup_bars": 60
}